<?xml version="1.0" encoding="UTF-8"?>
<beans:beans xmlns="http://www.springframework.org/schema/mvc"
	xmlns:xsi="http://www.w3.org/2001/XMLSchema-instance"
	xmlns:beans="http://www.springframework.org/schema/beans"
	xmlns:context="http://www.springframework.org/schema/context"
	xsi:schemaLocation="http://www.springframework.org/schema/mvc https://www.springframework.org/schema/mvc/spring-mvc.xsd
		http://www.springframework.org/schema/beans https://www.springframework.org/schema/beans/spring-beans.xsd
		http://www.springframework.org/schema/context https://www.springframework.org/schema/context/spring-context.xsd">

	<!-- DispatcherServlet Context: defines this servlet's request-processing infrastructure -->
	
	<!-- Enables the Spring MVC @Controller programming model -->
	<annotation-driven />

	<!-- Handles HTTP GET requests for /resources/** by efficiently serving up static resources in the ${webappRoot}/resources directory -->
	<resources mapping="/resources/**" location="/resources/" />

	<!-- Resolves views selected for rendering by @Controllers to .jsp resources in the /WEB-INF/views directory -->
	<beans:bean class="org.springframework.web.servlet.view.InternalResourceViewResolver">
		<beans:property name="prefix" value="/WEB-INF/views/" />
		<beans:property name="suffix" value=".jsp" />
	</beans:bean>
	
	
	<!-- Mail 인증 -->
	<context:component-scan base-package="com.btl.findjob" />
	
		<beans:bean id="mailSender"	class="org.springframework.mail.javamail.JavaMailSenderImpl">
		<beans:property name="host" value="smtp.gmail.com" />
		<beans:property name="port" value="587" /><!-- 465 or 25 -->
		<beans:property name="username" value="btlmaster372@gmail.com" />
		<beans:property name="password" value="btl12345" />
		<beans:property name="defaultEncoding" value="utf-8" />
		<beans:property name="javaMailProperties">
			<beans:props>
				<beans:prop key="mail.transport.protocol">smtp</beans:prop>
				<beans:prop key="mail.smtp.auth">true</beans:prop>
				<beans:prop key="mail.smtp.starttls.enable">true</beans:prop>
				<beans:prop key="mail.debug">true</beans:prop>
			</beans:props>
		</beans:property>
	</beans:bean>
	
	
	
	 <!-- 인터셉터 객체 생성 -->
    <beans:bean id="authenticationInterceptor" class="com.btl.findjob.interceptor.AuthenticationInterceptor">
    </beans:bean> 
     <beans:bean id="adminInterceptor" class="com.btl.findjob.interceptor.AdminInterceptor">
    </beans:bean>
    
    <!-- 인터셉터 맵핑 설정 (로그인이 필요한곳) -->
    <interceptors>
        <interceptor>
           <mapping path="/register"/> 
     		<mapping path="/follow/new"/>
     		<mapping path="/myPage_menu"/>
     		<mapping path="/myPage_Following"/>
     		<mapping path="/myPage_InterviewReview"/>
     		<mapping path="/myPage_Last"/>
     		<mapping path="/myPage_ReviewComment"/>
     		<mapping path="/mypage/*"/> 
        	<mapping path="/replies/new"/> 
        	<mapping path="/companyReview/new"/>
        	<mapping path="/interviewReview/new"/>
        	<mapping path="/kakaoPay"/>
        	<mapping path="/calendar/json"/>

            <beans:ref bean="authenticationInterceptor"/>
        </interceptor>
    </interceptors> 
    
        <!-- 인터셉터 맵핑 설정 (관리자) -->
     <interceptors>
        <interceptor>
        <mapping path="/admin_page"/>
        <mapping path="/admin_Menu"/>
        <mapping path="/admin_answer"/> 
        <mapping path="/admin_answerUpdate"/>
        <mapping path="/user_status"/>
        <mapping path="/user_InterviewReview"/>
        <mapping path="/user_ReviewComment"/>
            <beans:ref bean="adminInterceptor"/>
        </interceptor>
    </interceptors>
    
 
	<beans:bean id="multipartResolver"
	class="org.springframework.web.multipart.support.StandardServletMultipartResolver"/>
	
	
</beans:beans>
